id,id_lane,id_sensor_type,start_pr,end_pr,start_dist,end_dist,start_service_date,geometry
14,355,1,,,,,,01050000E0080800000100000001020000C0020000004C87FCF54B5B4341578ED8763943324100000000000000000000000000000000A46577FD4E5B4341F95C224E3D43324100000000000000000000000000000000
15,354,1,,,,,,01050000E0080800000100000001020000C002000000B7EFB22D4D5B43415385100F36433241000000000000000000000000000000001D33F925505B4341E8EE8EF53943324100000000000000000000000000000000
19,953,1,,,,,,01050000E0080800000100000001020000C002000000D6A7F74CCE674341BC29A5FACB81324100000000000000000000000000000000D6A7F74CCE6743417CCB4D1BD381324100000000000000000000000000000000
20,954,1,,,,,,01050000E0080800000100000001020000C00200000073E49875CC67434185B92A11D381324100000000000000000000000000000000785B8770CC674341E9CFF5C7CB81324100000000000000000000000000000000
23,1687,1,,,,,,01050000E0080800000100000001020000C002000000385BCE34C57D434176923108488C3241000000000000000000000000000000009E24851DC77D4341B914460A428C324100000000000000000000000000000000
24,17510,1,,,,,,01050000E0080800000100000001020000C002000000BB6DF04049704341CCAA7B04872D3241000000000000000000000000000000006526C7444A704341EA09D8B28B2D324100000000000000000000000000000000
16,1689,1,,,,,,01050000E0080800000100000001020000C002000000C65E02DCC77D434123F7EA484B8C324100000000000000000000000000000000A7E6E9B5C97D434166D52949458C324100000000000000000000000000000000
17,1688,1,,,,,,01050000E0080800000100000001020000C0020000008F2BAB73C67D43411422F87A498C324100000000000000000000000000000000D922E459C87D434162D15C9A438C324100000000000000000000000000000000
1,8028,1,,,,,,01050000E0080800000100000001020000C002000000C464C117AB7D4341AB39F5E5338E324100000000000000000000000000000000B02900B7AA7D434134D74DEE2C8E324100000000000000000000000000000000
2,8027,1,,,,,,01050000E0080800000100000001020000C0020000002B971C8FAC7D4341FAE9C1072C8E324100000000000000000000000000000000520D9F50AD7D4341FAE9C1DD328E324100000000000000000000000000000000
25,1806,1,,,,,,01050000E0080800000100000001020000C00200000047E0F97E787D4341AEA9D3D4448E3241B6F3FDD4F819904000000000000000003FE98A3C797D4341CB8D55E03D8E3241FA7E6ABCF41890400000000000000000
28,1807,1,,,,,,01050000E0080800000100000001020000C0020000006871FF0C7A7D434136C9829A458E32410000000000000000000000000000000087CDDFDB7A7D43416EAABB693E8E324100000000000000000000000000000000
29,1808,1,,,,,,01050000E0080800000100000001020000C0020000002A2FB6307E7D4341EB34EFC33F8E3241000000000000000000000000000000002F009D5D7D7D4341239F9905478E324100000000000000000000000000000000
30,1809,1,,,,,,01050000E0080800000100000001020000C00200000059FE4A867C7D434119F72A0A3F8E3241000000000000000000000000000000003AA26AB77B7D4341E015F23A468E324100000000000000000000000000000000
26,552,1,,,,,,01050000E0080800000100000001020000C00200000006BF2550BC7E434163CEBAFA2D9732416ABC7493180C8F400000000000000000927B5168B97E4341EFF423F929973241AC1C5A643B088F400000000000000000
27,551,1,,,,,,01050000E0080800000100000001020000C00200000069668B28BB7E43415F6193D12497324177BE9F1A2F098F400000000000000000BF788406BE7E434182AF42D728973241508D976E120D8F400000000000000000
31,563,1,,,,,,01050000E0080800000100000001020000C0020000001AAE69CADE8343413BBC98811E9A3241A01A2FDDA42F9040000000000000000009A6D190E18343414826FED2229A324137894160653090400000000000000000
32,564,1,,,,,,01050000E0080800000100000001020000C00200000013DBFE6AE08343419690B750259A324148E17A142E2F9040000000000000000024DFC1ABDD83434129AA45FD209A3241CDCCCCCC4C2E90400000000000000000
33,1772,1,,,,,,01050000E0080800000100000001020000C00200000007BB3BF91D79434181B129E25A8D32417B14AE47E13F8F400000000000000000AC7A5CA220794341E15EF4575F8D32417F6ABC74933F8F400000000000000000
34,1773,1,,,,,,01050000E0080800000100000001020000C002000000A38F4D681F7943415FDA43FE618D3241C74B3789413F8F40000000000000000047CD27C61C79434126A3A6985D8D32413BDF4F8D973F8F400000000000000000
35,8553,1,,,,,,01050000E0080800000100000001020000C002000000711B0A89047743413EE3FDC0028932410000000000000000000000000000000063F7542E07774341DE7EAE4D0789324100000000000000000000000000000000
36,8554,1,,,,,,01050000E0080800000100000001020000C002000000DFB8A4D404774341A4A8A2670C893241000000000000000000000000000000004952922E027743410556EECC0789324100000000000000000000000000000000
37,8555,1,,,,,,01050000E0080800000100000001020000C0020000005D2AD61706774341C20D0C030A8932410000000000000000000000000000000042766D6B037743413E03248A0589324100000000000000000000000000000000
38,725,1,,,,,,01050000E0080800000100000001020000C002000000CC72838B38754341B4C5DA5723873241355EBA490CB08F400000000000000000DF7C5D643B7543412818E69527873241022B8716D9AF8F400000000000000000
39,726,1,,,,,,01050000E0080800000100000001020000C002000000476B2A8937754341A9A932E425873241D34D621058B18F400000000000000000C7ECC6573A754341ABAFE31D2A87324117D9CEF753B18F400000000000000000
40,727,1,,,,,,01050000E0080800000100000001020000C002000000BC76F9A337754341A734328231873241736891ED7CB38F4000000000000000004C70C5D634754341D0518B3F2D873241560E2DB29DB38F400000000000000000
41,728,1,,,,,,01050000E0080800000100000001020000C0020000003D7D9FAF38754341A0660A8E2E87324177BE9F1A2FB28F4000000000000000002E2907E7357543412EE01B4A2A87324183C0CAA145B28F400000000000000000
42,1761,1,,,,,,01050000E0080800000100000001020000C00200000081F0903A70754341EDEFA2DC228832413D0AD7A370D48F40000000000000000036C21E1B73754341C5A715E4268832410AD7A3703DD58F400000000000000000
43,1762,1,,,,,,01050000E0080800000100000001020000C002000000C2DEFB307275434133E254A129883241B0726891EDD48F400000000000000000BDD0E44E6F754341F1A3A09925883241FED478E926D48F400000000000000000
44,1759,1,,,,,,01050000E0080800000100000001020000C0020000004B6B0A39BC74434181EA6F4024873241A69BC420B0C58F400000000000000000455DDC1ABF744341DDEA79542887324104560E2DB2C48F400000000000000000
45,1760,1,,,,,,01050000E0080800000100000001020000C002000000ADED1DFEBD7443418F6558DB2A8732418B6CE7FBA9C48F4000000000000000007C7E0821BB744341F59CECD626873241068195438BC58F400000000000000000
46,3067,1,,,,,,01050000E0080800000100000001020000C002000000D71E74F13E744341496794826E8532410000000000000000000000000000000033C94ACF41744341BBB556DB7085324100000000000000000000000000000000
47,3068,1,,,,,,01050000E0080800000100000001020000C002000000AEB15D688B744341B26D145BE7853241D9CEF753E3AF8F400000000000000000295853B58D744341B22D7CA6EC853241C520B07268B28F400000000000000000
48,3069,1,,,,,,01050000E0080800000100000001020000C002000000F95C91D371744341D3987CE5EB85324148E17A14AE958F400000000000000000B981E7386F744341D6B68E2EE78532419A99999999928F400000000000000000
49,3070,1,,,,,,01050000E0080800000100000001020000C0020000009E496FAF22744341749805CE7D85324100000000000000000000000000000000E198FC871E744341815D2A067985324100000000000000000000000000000000
50,1731,1,,,,,,01050000E0080800000100000001020000C002000000ACFEBC2CF28143411392389B5D783241C74B378941028E400000000000000000B918F7D7F2814341837C20A35678324179E9263108FD8D400000000000000000
51,1732,1,,,,,,01050000E0080800000100000001020000C002000000C0035F59F581434112AD5A39577832413D0AD7A370FC8D4000000000000000004CA13FCDF48143411036AA3A5E7832418195438B6C018E400000000000000000
52,3097,1,,,,,,01050000E0080800000100000001020000C0020000002857A8789C814341A74E6925A0743241BE9F1A2FDDBE8A400000000000000000453963EE99814341F13438499B7432412B8716D9CEBF8A400000000000000000
53,669,1,,,,,,01050000E0080800000100000001020000C0020000006095AC467C824341DD819C2D93783241CDCCCCCCCC1D8C400000000000000000816B22337C8243413228202B8C783241CDCCCCCCCC1D8C400000000000000000
54,670,1,,,,,,01050000E0080800000100000001020000C00200000046C971BB7F82434100E3811A8C78324121B0726891218C40000000000000000046C971BB7F82434169718B1D9378324100000000000000000000000000000000
55,671,1,,,,,,01050000E0080800000100000001020000C002000000060D57217E8243418F54592D8C78324100000000000000000000000000000000060D57217E8243418AAEF8339378324100000000000000000000000000000000
11,17505,1,,,,,,01050000E0080800000100000001020000C002000000195E1952E7824341D6188B94597C32410000000000000000000000000000000014A82E36E58243416A22B9D4567C324100000000000000000000000000000000
12,17504,1,,,,,,01050000E0080800000100000001020000C00200000048C63E91E6824341B078E478527C324100000000000000000000000000000000B7F643C5E88243416EB6F0E1547C324100000000000000000000000000000000
56,17507,1,,,,,,01050000E0080800000100000001020000C002000000012F0FB71E8343418B8536D3E67B324139B4C876BE278D400000000000000000EBF3E5E5208343415E5FE451E97B32415EBA490C02258D400000000000000000
57,17506,1,,,,,,01050000E0080800000100000001020000C00200000009CAA1911F8343414DBBE00CEE7B32415839B4C876218D400000000000000000F40E224A1D83434171118C00EC7B324100000000000000000000000000000000
58,1837,1,,,,,,01050000E0080800000100000001020000C002000000D6E3357EF9834341B575FC47FF7C32416ABC749318E58B400000000000000000D3E5044BF6834341E155C070FC7C32413D0AD7A370E98B400000000000000000
59,1836,1,,,,,,01050000E0080800000100000001020000C0020000007459A805F78343412C11E4F7F87C32410000000000000000000000000000000092C1143FFA83434131289CC9FB7C324137894160E5E48B40000000000000F87F
60,1884,1,,,,,,01050000E0080800000100000001020000C002000000529178749C8643413300C82B167F3241CFF753E3A58C89400000000000000000C6F641BC9F864341062189AA187F32410C022B87168C89400000000000000000
7,159,1,,,,,,01050000E0080800000100000001020000C00200000076BAEA99768D434133BFA895DA63324100000000000000000000000000000000BB3A1A0C7A8D4341185295B2DA63324100000000000000000000000000000000
8,160,1,,,,,,01050000E0080800000100000001020000C002000000CDFB017E768D4341001D7BB0DD6332410000000000000000000000000000000085C5A7FE798D4341EE7EC3C3DD63324100000000000000000000000000000000
5,176,1,,,,,,01050000E0080800000100000001020000C002000000E69BB5E68690434193068C12176932410000000000000000000000000000000083747FF18390434193062C3A1369324100000000000000000000000000000000
6,175,1,,,,,,01050000E0080800000100000001020000C0020000009E5909CC8590434111CD44CA0D6932410000000000000000000000000000000000813FC18890434111CDA4A21169324100000000000000000000000000000000
22,306,1,,,,,,01050000E0080800000100000001020000C002000000673E79F22860434164AA5AAF64483241F4FDD478E925874000000000000000007B4CF7172C60434134A1F1D267483241B81E85EB512587400000000000000000
61,1885,1,,,,,,01050000E0080800000100000001020000C0020000007E18B02C9F8643417F04DE911B7F32416ABC7493188D894000000000000000006F51D4E19B864341A43F5A1D197F3241894160E5D08D89400000000000000000
63,17509,1,,,,,,01050000E0080800000100000001020000C002000000F072DB06D881434121123FD6C77232411283C0CAA18A8940000000000000000047733270D7814341EF58B6BFCC7232414E621058398D89400000000000000000
64,17508,1,,,,,,01050000E0080800000100000001020000C00200000088796429D5814341B6378419CC72324114AE47E17A8D8940000000000000000074FB23B9D5814341B242712BC772324137894160E58A89400000000000000000
65,1941,1,,,,,,01050000E0080800000100000001020000C0020000007E2C917C918443411F7C7C0D4D713241B4C876BE9F8E874000000000000000000ADD837A8F84434190831B53477132416891ED7C3F9087400000000000000000
66,1940,1,,,,,,01050000E0080800000100000001020000C002000000C8DB92B490844341693BCFE345713241000000000000000000000000000000003BF676B792844341ABA230A54B71324100000000000000000000000000000000
68,3035,1,,,,,,01050000E0080800000100000001020000C0020000002AD328697E854341BA460245E96D3241AE47E17A149B8640000000000000000040138CFF7A854341144222B4EA6D3241931804560E9F86400000000000000000
69,3039,1,,,,,,01050000E0080800000100000001020000C002000000CE27300FCD864341046D96A8DE6A3241A01A2FDD241D84400000000000000000B3C09C4BCD864341655B2ECBE36A32411904560E2D1F84400000000000000000
70,1439,1,,,,,,01050000E0080800000100000001020000C0020000002BD263A6A78C4341DB1E4B3F1B8032411F85EB51B89286400000000000000000271EB0ECA98C43414B8264802080324183C0CAA1459386400000000000000000
71,1440,1,,,,,,01050000E0080800000100000001020000C002000000D7958DC0A88C4341FF2F82B922803241068195438B9486400000000000000000E86DCC66A68C4341FE2F85721D8032414260E5D0229486400000000000000000
74,3038,1,,,,,,01050000E0080800000100000001020000C0020000004F4C563EC1864341C905D652BA6A324100000000000000000000000000000000298468D3C18643417549C335B36A324100000000000000000000000000000000
75,1712,1,,,,,,01050000E0080800000100000001020000C0020000006916DCEAAF814341104C87B1168532410000000000000000000000000000000041BC9D03B181434103AB64071085324100000000000000000000000000000000
76,1713,1,,,,,,01050000E0080800000100000001020000C002000000C33C276EBB814341A3788FB0FB843241000000000000000000000000000000007C391F47B981434199424A3F0185324100000000000000000000000000000000
77,2732,1,,,,,,01050000E0080800000100000001020000C00200000090A77DEE3783434171116A94016D324100000000000000000000000000000000951E216E3B834341E7A3ACE3016D324100000000000000000000000000000000
78,2733,1,,,,,,01050000E0080800000100000001020000C002000000F2CFCB5D3B8343417E1C7F15056D324100000000000000000000000000000000ED5828DE378343411E00C4CA046D324100000000000000000000000000000000
79,3040,1,,,,,,01050000E0080800000100000001020000C0020000005F987445428743418E99776846613241000000000000000000000000000000004BB116EA42874341756B928C4161324100000000000000000000000000000000
80,3043,1,,,,,,01050000E0080800000100000001020000C00200000005BBC56C16874341868ED1DDDB603241000000000000000000000000000000003D316D9818874341CAD17058E160324100000000000000000000000000000000
81,496,1,,,,,,01050000E0080800000100000001020000C002000000D165E2A67D8743413A3035FC5860324100000000000000000000000000000000EB68F7247A8743413A3035FC5860324100000000000000000000000000000000
82,3293,1,,,,,,01050000E0080800000100000001020000C002000000214DCC5480874341EE574DA55360324100000000000000000000000000000000366AAED17C874341B94841D55360324100000000000000000000000000000000
83,3292,1,,,,,,01050000E0080800000100000001020000C0020000002586A44EA08743413BAF7F044360324100000000000000000000000000000000758077C5A38743414B3F4D4C4460324100000000000000000000000000000000
84,3284,1,,,,,,01050000E0080800000100000001020000C002000000662830E1018943418A12E4A56A6132410000000000000000000000000000000065133554058943413A5C8CEE6B61324100000000000000000000000000000000
85,111,1,,,,,,01050000E0080800000100000001020000C002000000592B2249AE884341020EA386A95F32411D5A643BDFF57A40000000000000000017AA2F60B18843412E597CC1AC5F32418FC2F5285CF57A400000000000000000
86,112,1,,,,,,01050000E0080800000100000001020000C0020000008BBFEA1FB08843416BE77814B15F3241273108AC1CF47A4000000000000000002DED51FCAC88434199FE22DAAD5F32412B8716D9CEF57A400000000000000000
87,3272,1,,,,,,01050000E0080800000100000001020000C0020000003C60532C34874341CA9099FB625D32410000000000000000000000000000000008B9B9FB3187434178724E845D5D324100000000000000000000000000000000
88,3263,1,,,,,,01050000E0080800000100000001020000C002000000ADF5DAFA348743417F64986B395D32410000000000000000000000000000000074719CF73787434107906F1E3D5D324100000000000000000000000000000000
89,3268,1,,,,,,01050000E0080800000100000001020000C00200000064FD62038F874341AB5FCD4C085E3241000000000000000000000000000000002CFE39D0908743411B6B3B520E5E324100000000000000000000000000000000
90,,1,,,,,,01050000E0080800000100000001020000C0020000001B570F077C87434126CC43C7195E3241000000000000000000000000000000000F63F00E798743413EA76518165E324100000000000000000000000000000000
91,103,1,,,,,,01050000E0080800000100000001020000C002000000DEA1B9BF03874341F0640AFE3B5D3241000000000000000000000000000000009E1E567006874341EFF1C284405D324100000000000000000000000000000000
92,104,1,,,,,,01050000E0080800000100000001020000C002000000ED85597B05874341DDA730BE425D32410000000000000000000000000000000039145CD102874341C8043A2A3E5D324100000000000000000000000000000000
93,102,1,,,,,,01050000E0080800000100000001020000C002000000CAA23BEF818643410447202F285D32413333333333417B400000000000000000BF547D837E8643419C57A99C265D324108AC1C5A643D7B400000000000000000
94,101,1,,,,,,01050000E0080800000100000001020000C0020000003523D7DF7E864341EE851A7C235D32410000000000000000000000000000000095CD0D4A82864341C4B53D05255D324100000000000000000000000000000000
95,17538,1,,,,,,01050000E0080800000100000001020000C00200000010708E3D0D854341D3E2A1175E5C3241C520B072683F7B400000000000000000E79830B910854341D2CD8B1D5F5C3241022B8716D93A7B400000000000000000
96,17538,1,,,,,,01050000E0080800000100000001020000C00200000052F3E34B108543416EE67450645C3241C3F5285C8F387B400000000000000000DC01F8D30C8543419AFEDA37635C3241A245B6F3FD3C7B400000000000000000
97,17537,1,,,,,,01050000E0080800000100000001020000C0020000006BE533D306854341B2C0E7393C5C3241EE7C3F355E607B40000000000000000087A7D662038543419CA13DDF3D5C32413BDF4F8D975C7B400000000000000000
98,17536,1,,,,,,01050000E0080800000100000001020000C00200000005BCA8DC028543411FE2C3AA395C3241B29DEFA7C65F7B4000000000000000001904B6400685434186B2E2E0375C324100000000000000000000000000000000
99,17534,1,,,,,,01050000E0080800000100000001020000C00200000023897FB9D5844341727450A8205C3241713D0AD7A3507B400000000000000000C57C68FBD8844341381BAC61235C3241560E2DB29D4F7B400000000000000000
100,17535,1,,,,,,01050000E0080800000100000001020000C002000000B2983496DB844341F81A1DC9375C324154E3A59BC44C7B4000000000000000009124D13FD88443410863BC99355C324108AC1C5A644D7B400000000000000000
101,17540,1,,,,,,01050000E0080800000100000001020000C002000000C1E7B227D5844341455027484D5C3241B4C876BE9F487B400000000000000000B303668BD884434145FF442C4F5C3241508D976E12497B400000000000000000
102,17541,1,,,,,,01050000E0080800000100000001020000C0020000005F315A3CD88443411A0DA1B2525C32413108AC1C5A4A7B400000000000000000F55B5BD1D48443411D68B4D6505C3241B4C876BE9F4A7B400000000000000000
103,1293,1,,,,,,01050000E0080800000100000001020000C0020000001344DB45C9834341621EF2CAB95D3241713D0AD7A3288040000000000000000061BD7F36CB8343413A78219EBF5D324175931804562C80400000000000000000
104,1294,1,,,,,,01050000E0080800000100000001020000C002000000AEC666F0C8834341F6E62391C25D3241D578E926312B804000000000000000005CD959FEC6834341B88DC9B6BC5D3241643BDF4F8D2780400000000000000000
105,445,1,,,,,,01050000E0080800000100000001020000C0020000002C35C39CC0834341AA1046B0185F3241EC51B81E85DE80400000000000000000C26622E2C38343418971BE3A1B5F3241F4FDD478E9DD80400000000000000000
106,446,1,,,,,,01050000E0080800000100000001020000C002000000A163C954C38343413A0C6D421E5F3241C1CAA145B6DE804000000000000000000BD1AF15C0834341B07142BA1B5F3241C3F5285C8FDF80400000000000000000
107,3261,1,,,,,,01050000E0080800000100000001020000C00200000026CFB10D378243417688851E225932415EBA490C02237B400000000000000000701C2361348243411A1DF3861D5932419A99999999257B400000000000000000
108,3260,1,,,,,,01050000E0080800000100000001020000C002000000BF9708C7F1814341AC56F00F33583241AAF1D24D62F67A400000000000000000972DC230F3814341F6C7069D39583241508D976E12F77A400000000000000000
109,3255,1,,,,,,01050000E0080800000100000001020000C002000000FB2D92CCFD814341C0EE22BFD3573241F2D24D6210F67A40000000000000000082FEBD6E00824341F5CF375FD857324100000000000000000000000000000000
110,3262,1,,,,,,01050000E0080800000100000001020000C0020000000CB2BEDAE481434104800A1D3D583241000000000000000000000000000000000A88C1C8E3814341C0E3F86E3658324100000000000000000000000000000000
111,79,1,,,,,,01050000E0080800000100000001020000C0020000003C1EAB31288143416A9C3F0C2B57324100000000000000000000000000000000C8A7CA3C2B8143417FB623882E57324100000000000000000000000000000000
112,80,1,,,,,,01050000E0080800000100000001020000C00200000065C5027A2A8143416DF33AC63057324100000000000000000000000000000000D93BE36E278143411C6F16402D57324100000000000000000000000000000000
113,69,1,,,,,,01050000E0080800000100000001020000C0020000002164B55769804341F53C37F5D253324185EB51B81E497B400000000000000000E6FFBCD86B804341A38429E7D7533241B4C876BE9F487B400000000000000000
114,70,1,,,,,,01050000E0080800000100000001020000C0020000006A93589E6A8043410FCB6F22DA533241D7A3703D0A477B4000000000000000000B1BFF24688043417D304627D553324104560E2DB2477B400000000000000000
116,17533,1,,,,,,01050000E0080800000100000001020000C002000000919F56731A804341EE2C66B64053324100000000000000000000000000000000E1A18C8B1B804341FE76B13B4553324100000000000000000000000000000000
115,17532,1,,,,,,01050000E0080800000100000001020000C0020000005D79AA15F37F43416DA494DC085332414A0C022B87807B400000000000000000C1947882F27F43412792B3E20353324123DBF97E6A827B400000000000000000
67,3032,1,,,,,,01050000E0080800000100000001020000C00200000093BDEE497985434120CFA2A1C96D3241F6285C8FC25B86400000000000000000E9D69EC77B854341370B1FE2C96D3241FA7E6ABC745886400000000000000000
72,1419,1,,,,,,01050000E0080800000100000001020000C00200000013010AADCA87434109993E32C770324137894160E57685400000000000000000FFC23E30C9874341433E34C9C07032417B14AE47E17585400000000000000000
73,1420,1,,,,,,01050000E0080800000100000001020000C0020000008ECDD5A1CB8743419259F284BE703241355EBA490C7685400000000000000000A20BA11ECD87434132A5DADBC4703241D9CEF753E37685400000000000000000
119,1263,1,,,,,,01050000E0080800000100000001020000C0020000007F690C966D7F4341174A770443523241931804560E697B400000000000000000DD2CB3CD6C7F4341AF09E2263C52324196438B6CE7697B400000000000000000
120,1264,1,,,,,,01050000E0080800000100000001020000C0020000006B8F827B6E7F4341A37183A03B523241000000000000000000000000000000005BD95E416F7F4341F0FEC5744252324100000000000000000000000000000000
121,17531,1,,,,,,01050000E0080800000100000001020000C002000000D5D5A0C53C7F4341F7EF222AF75132414A0C022B87747B400000000000000000D68198403A7F43418DCD934BF6513241068195438B6E7B400000000000000000
122,17530,1,,,,,,01050000E0080800000100000001020000C002000000F83E63A31F7F43410D4E091CBF5132417D3F355EBA5D7B400000000000000000282FF22E227F4341B95B79EBBE513241C1CAA145B65F7B400000000000000000
123,65,1,,,,,,01050000E0080800000100000001020000C002000000632EDD5CF27E434189D6DC84DE5132410E2DB29DEF737B400000000000000000A03979DBF57E4341BCDA98BBDF513241BA490C022B737B400000000000000000
124,66,1,,,,,,01050000E0080800000100000001020000C002000000B41DD493F57E43413D799243E35132419A99999999737B40000000000000000072644417F27E43419163F71CE251324177BE9F1A2F757B400000000000000000
125,1299,1,,,,,,01050000E0080800000100000001020000C002000000AF70F44C477F43414BC44C3099513241F0A7C64B37917B400000000000000000DF55980A447F4341B1E21AAE9651324183C0CAA1458C7B400000000000000000
126,1300,1,,,,,,01050000E0080800000100000001020000C002000000E31ACAC0447F4341901ADD4A9351324179E92631088E7B400000000000000000CEC78E14487F4341EA3E2D9295513241E3A59BC420947B400000000000000000
117,67,1,,,,,,01050000E0080800000100000001020000C002000000844B67C4D27F4341F26567C464523241643BDF4F8D5F7B400000000000000000C6D3C922D57F43413476AA086A523241022B8716D9607B400000000000000000
118,68,1,,,,,,01050000E0080800000100000001020000C0020000008798BF70D57F434163A136057052324117D9CEF7535F7B400000000000000000E35F6B0FD37F434116C424C96A523241DD240681955D7B400000000000000000
127,1213,1,,,,,,01050000E0080800000100000001020000C00200000009C8C7A50D7C43418DC5E3F7685832410000000000000000000000000000000098173828117C434150B5AC406958324100000000000000000000000000000000
128,1214,1,,,,,,01050000E0080800000100000001020000C0020000002F76A60A117C434198EB26816C58324100000000000000000000000000000000A12636880D7C4341D86CD1336C58324100000000000000000000000000000000
131,17528,1,,,,,,01050000E0080800000100000001020000C00200000085D86CF9A47B434191DD4FA09E4C3241D9CEF753E3BB7E400000000000000000A5886E23A27B4341C011423F9A4C3241105839B4C8C07E400000000000000000
132,17516,1,,,,,,01050000E0080800000100000001020000C0020000000E3F524D8B784341EACAE1FF4D443241105839B4C8BA7C4000000000000000008511ED908B78434149BB370655443241D578E92631BE7C400000000000000000
133,17517,1,,,,,,01050000E0080800000100000001020000C00200000088CDCBDA8978434139B77C0F554432416DE7FBA9F1C07C4000000000000000008EE0579889784341AC93C6034E443241B81E85EB51BC7C400000000000000000
134,17514,1,,,,,,01050000E0080800000100000001020000C002000000DF133D928578434121D2F07CF8433241FCA9F1D24DAA7C4000000000000000004DBD5CE186784341FBF6C10CFF43324154E3A59BC4AC7C400000000000000000
135,17515,1,,,,,,01050000E0080800000100000001020000C002000000F6DDB29786784341863EC07E07443241AE47E17A14AE7C400000000000000000B51B0E4D85784341BE985BF60044324114AE47E17AAA7C400000000000000000
136,17520,1,,,,,,01050000E0080800000100000001020000C0020000008B62C3D3BA7843416EE09D2164443241643BDF4F8D717C400000000000000000E7CC7B68B8784341E6DC9C0A5F4432415839B4C876787C400000000000000000
137,17518,1,,,,,,01050000E0080800000100000001020000C002000000D3B73D6A96784341218BB077D34332412FDD240681877C40000000000000000082A735A89878434160D48FDED843324177BE9F1A2F8F7C400000000000000000
138,17521,1,,,,,,01050000E0080800000100000001020000C002000000F7358BDD777843416219F2D7BE4332411D5A643BDF657C4000000000000000006DDB0FEF757843416B63EBF4B84332416F1283C0CA5F7C400000000000000000
139,17519,1,,,,,,01050000E0080800000100000001020000C00200000042C5DBC4C7784341EA5AC3F849443241000000000000000000000000000000004288D206CA784341A15FCA564F44324100000000000000000000000000000000
140,17513,1,,,,,,01050000E0080800000100000001020000C002000000151AB5AB3870434173CDD76E992D3241A245B6F3FDEE7B400000000000000000CE3508C437704341AFACDACE942D324196438B6CE7ED7B400000000000000000
141,17511,1,,,,,,01050000E0080800000100000001020000C002000000B57F05435E70434162290CA8002E3241CDCCCCCCCC987B4000000000000000005560DFEC5E70434151F0B78F052E3241986E1283C0927B400000000000000000
142,17512,1,,,,,,01050000E0080800000100000001020000C002000000ACC845EC4B704341F3A043EA052E324139B4C876BEAD7B400000000000000000E7CD110E4B7043412425E4F9002E32413F355EBA49B27B400000000000000000
143,17529,1,,,,,,01050000E0080800000100000001020000C002000000FCD21455647B434119172D371E4C324139B4C876BEE37E400000000000000000816EF138627B43416C37578A184C3241E3A59BC420DE7E400000000000000000
144,17526,1,,,,,,01050000E0080800000100000001020000C00200000042A221736B7B434132521E2AF04B3241000000000000000000000000000000001FB3772C6E7B4341C00BBC96F44B324100000000000000000000000000000000
145,17527,1,,,,,,01050000E0080800000100000001020000C002000000A92DC8B4B37B43416A0A28F2774C3241BA490C022BD77E400000000000000000A9621212B67B4341241B43357D4C32417593180456D07E400000000000000000
129,17522,1,,,,,,01050000E0080800000100000001020000C0020000001CDDC223847B4341D8E284F9B64C3241CDCCCCCCCCE07E400000000000000000FB243858867B43410D37A07CBC4C3241F853E3A59BDE7E400000000000000000
130,17523,1,,,,,,01050000E0080800000100000001020000C0020000000609A8F2847B4341E8224D9EBE4C324137894160E5E07E40000000000000000093CAE0C5827B4341A745441EB94C3241A8C64B3789E37E400000000000000000
146,17524,1,,,,,,01050000E0080800000100000001020000C0020000006D19FA3CAE7B434103CA6FBA3A4C32414C37894160017F40000000000000000072DD17E1AA7B434179459AB7384C32410AD7A3703D067F400000000000000000
147,17525,1,,,,,,01050000E0080800000100000001020000C0020000008C447E63AB7B43418E5CE080354C32413D0AD7A370097F40000000000000000093B93DC4AE7B43417BF03E65374C32417F6ABC7493047F400000000000000000
9,161,1,,,,,,01050000E0080800000100000001020000C002000000B7F7B1FB798D434107127763E463324100000000000000000000000000000000002E0C7B768D4341508A5516E463324100000000000000000000000000000000
10,162,1,,,,,,01050000E0080800000100000001020000C002000000331084007A8D43412FD40F43E163324100000000000000000000000000000000002E0C7B768D43415CDFDA12E163324100000000000000000000000000000000
150,1379,1,,,,,,01050000E0080800000100000001020000C0020000006EA5F8C7B9894341864ADC4F50653241DF4F8D976E7D82400000000000000000B8830269BA894341C1290835576532410C022B87168282400000000000000000
151,1380,1,,,,,,01050000E0080800000100000001020000C002000000A206FCD3B8894341E96797DC57653241000000000000000000000000000000006C9C0D3AB88943411C2EFFE45065324162105839B47C8240000000000000F87F
152,3305,1,,,,,,01050000E0080800000100000001020000C00200000084C93610218E434191CAD5FC5264324100000000000000000000000000000000A719E004228E4341666242C45964324100000000000000000000000000000000
153,3303,1,,,,,,01050000E0080800000100000001020000C0020000005F97475C408E434118996D765C6432410000000000000000000000000000000025B62BC4438E4341DA809CC75A64324100000000000000000000000000000000
154,3302,1,,,,,,01050000E0080800000100000001020000C0020000009F094F615E8E4341037F73BE4664324100000000000000000000000000000000BB038F4E618E43415471F6954A64324100000000000000000000000000000000
155,1193,1,,,,,,01050000E0080800000100000001020000C0020000008B157186FF914341A9ADB6E4F66A324100000000000000000000000000000000F2740DF0029243411A3FC04AF56A324100000000000000000000000000000000
156,1194,1,,,,,,01050000E0080800000100000001020000C0020000008380244503924341AD5091D7F76A324100000000000000000000000000000000435D58DCFF914341EC46E76FF96A324100000000000000000000000000000000
157,196,1,,,,,,01050000E0080800000100000001020000C002000000165F684BB7934341E9B41D09B16A3241EC51B81E85177B400000000000000000F6BB0B0BB9934341133F0C27B76A32415EBA490C02177B400000000000000000
158,197,1,,,,,,01050000E0080800000100000001020000C002000000ACB441F8B693434154CA9873B96A32412B8716D9CE137B400000000000000000DA7A5036B59343418FC06A40B36A3241560E2DB29D137B400000000000000000
159,1573,1,,,,,,01050000E0080800000100000001020000C00200000067DA3339DF934341F7550A247D6A3241B81E85EB51147B400000000000000000ED9A5D89E293434180F9F7987F6A3241C3F5285C8F127B400000000000000000
160,1574,1,,,,,,01050000E0080800000100000001020000C002000000E685F015E2934341ECB1B118826A32411D5A643BDF157B400000000000000000F62902C5DE934341943949AF7F6A32412B8716D9CE177B400000000000000000
161,3325,1,,,,,,01050000E0080800000100000001020000C0020000009F9A26C72994434170A1DC8BD56A32410000000000000000000000000000000011B2464C269443419FD61A09D66A324100000000000000000000000000000000
164,3330,1,,,,,,01050000E0080800000100000001020000C00200000013B71C46B9954341C382A47CD66A3241B29DEFA7C6817C4000000000000000008FF003BDBC9543416D9DC101D56A32419CC420B072827C400000000000000000
165,3328,1,,,,,,01050000E0080800000100000001020000C002000000A1F3E2EEBB95434146E47BC8DB6A3241C1CAA145B6837C40000000000000000054CAAB70BF9543416A05681ADB6A32411F85EB51B8847C400000000000000000
166,3334,1,,,,,,01050000E0080800000100000001020000C00200000079C62C5EE0954341410F32A9FB6A32416ABC749318B47C400000000000000000776C3CDBDC954341891413FAFA6A324108AC1C5A64AD7C400000000000000000
167,3326,1,,,,,,01050000E0080800000100000001020000C002000000A9AEBE3A3F96434176F13A28D86A3241713D0AD7A38C7C400000000000000000C23388BC42964341F146AA04D96A3241C3F5285C8F8A7C400000000000000000
168,3327,1,,,,,,01050000E0080800000100000001020000C00200000062C7D25DAC9643410BF9B81D036B3241F853E3A59B687C400000000000000000CBDDDED4A896434150ED3A9E036B3241A69BC420B06A7C400000000000000000
148,1361,1,,,,,,01050000E0080800000100000001020000C00200000096A3414E598B4341382584EE00643241C976BE9F1A177E400000000000000000ED5BD66B5C8B434170B77A19046432418B6CE7FBA91B7E400000000000000000
149,1362,1,,,,,,01050000E0080800000100000001020000C002000000174299965B8B43410CB64D8B07643241273108AC1C1C7E4000000000000000009E49A869588B434187BC925F04643241E7FBA9F1D2177E400000000000000000
162,1579,1,,,,,,01050000E0080800000100000001020000C0020000009BCA1DC07695434167D4699AC86A32410000000000000000000000000000000098A88E437A9543410E8D32D9C86A324100000000000000000000000000000000
163,1580,1,,,,,,01050000E0080800000100000001020000C002000000287EFF037A954341DE647181CF6A324100000000000000000000000000000000BD2E5A8F76954341C2B87C3FCF6A324100000000000000000000000000000000
169,17547,1,,,,,,01050000E0080800000100000001020000C00200000060832CC6DE984341DB0502E6387532415C8FC2F528547B40000000000000000047A09A0AE29843414C3C57893B753241CFF753E3A5597B400000000000000000
170,17546,1,,,,,,01050000E0080800000100000001020000C002000000A258C0DCE098434116DB876440753241000000000000000000000000000000002C4202A5DD984341A691C8A13D75324100000000000000000000000000000000
171,17545,1,,,,,,01050000E0080800000100000001020000C002000000F8504C443F994341F713244217753241A69BC420B02E7B400000000000000000C3BC1134409943418FF4CE121E753241C976BE9F1A317B400000000000000000
172,17544,1,,,,,,01050000E0080800000100000001020000C002000000A1AC29AE3D994341377587601F753241000000000000000000000000000000007E3F0AB73C994341BB5540A21875324100000000000000000000000000000000
173,238,1,,,,,,01050000E0080800000100000001020000C00200000002F2114A8B984341873BCF165B7632414E621058392E7B400000000000000000E64E7D598D984341BEAA99F7607632411F85EB51B82C7B400000000000000000
174,239,1,,,,,,01050000E0080800000100000001020000C002000000C08C5B298C9843414C107EB2627632416DE7FBA9F12A7B4000000000000000000D57C9188A984341769955F75C7632410E2DB29DEF2B7B400000000000000000
175,3345,1,,,,,,01050000E0080800000100000001020000C002000000D957B1CB169C434101AC75AE737C32411904560E2D107B400000000000000000B298DB1F1A9C43416FB751F4757C32414A0C022B87167B400000000000000000
176,3346,1,,,,,,01050000E0080800000100000001020000C0020000002AAEF2FF5E9C43413A8AE98FB17C324104560E2DB2377B4000000000000000004CD98E07629C43416C4B283BB57C324139B4C876BE317B400000000000000000
177,3347,1,,,,,,01050000E0080800000100000001020000C002000000A7ADDE3C539C4341E341D5D7E47C32415A643BDF4F2D7B400000000000000000DF3CE0CA4F9C4341EC311D4DE37C3241A4703D0AD7317B400000000000000000
178,3348,1,,,,,,01050000E0080800000100000001020000C0020000004869F7F3279C434131FFD6D2C17C3241C74B378941387B400000000000000000EDBCE117259C4341FCC95BA8BD7C324117D9CEF753337B400000000000000000
179,264,1,,,,,,01050000E0080800000100000001020000C0020000004A476C72519C4341431E115A0A7D3241D34D621058497B40000000000000000060990511569C4341DB576FA40D7D32418195438B6C477B400000000000000000
180,265,1,,,,,,01050000E0080800000100000001020000C002000000945C32A7519C4341A5E99E780F7D3241EC51B81E854D7B4000000000000000006D3B8C524E9C43415620291E0D7D324146B6F3FDD44E7B400000000000000000
181,3353,1,,,,,,01050000E0080800000100000001020000C002000000491C542C4A9F4341DD7C6221F57D324177BE9F1A2F8B7B4000000000000000001601C77F4D9F43411D14709CF77D3241FED478E9268F7B400000000000000000
182,3354,1,,,,,,01050000E0080800000100000001020000C00200000027AC11CC269F43418CB62E370A7E3241508D976E126B7B400000000000000000C67E1FBE239F4341B0F37DA0067E3241F6285C8FC2657B400000000000000000
183,3355,1,,,,,,01050000E0080800000100000001020000C0020000006E83698C9B9F4341F98F63C3237E324117D9CEF753A57B4000000000000000001F40F4029F9F4341A9CB8216257E3241A8C64B3789A37B400000000000000000
184,3356,1,,,,,,01050000E0080800000100000001020000C0020000003A09A6599E9F43416FFF291B2C7E32416666666666A27B40000000000000000023ABD1E69A9F4341A529B7A42A7E32412FDD240681A37B400000000000000000
185,290,1,,,,,,01050000E0080800000100000001020000C00200000071103FC598A14341F353FB819B7F3241C520B07268157B4000000000000000008661D60E9CA143418B30C5409E7F32418FC2F5285C157B400000000000000000
186,291,1,,,,,,01050000E0080800000100000001020000C002000000DD17D3639BA143410C3E8126A17F3241DF4F8D976E167B4000000000000000000046D11D98A14341929661799E7F3241273108AC1C167B400000000000000000
187,601,1,,,,,,01050000E0080800000100000001020000C002000000F78E00BA626B4341E356D740F77B324100000000000000000000000000000000DA7FF8EB656B4341E213C153F47B324100000000000000000000000000000000
188,602,1,,,,,,01050000E0080800000100000001020000C002000000E2F5C19A666B43414B0B6B48F77B324100000000000000000000000000000000DD1F186D636B4341C4B9B946FA7B324100000000000000000000000000000000
189,607,1,,,,,,01050000E0080800000100000001020000C002000000EA276DBF0C6D43415B0B3298117C3241CDCCCCCCCC988C400000000000000000608EDAF40F6D4341D594BA6C147C32412DB29DEFA7988C400000000000000000
190,608,1,,,,,,01050000E0080800000100000001020000C002000000B5C0DC010F6D434121CA700B187C3241643BDF4F8D998C400000000000000000C2F058D30B6D43419B293639157C3241D122DBF97E998C400000000000000000
191,1008,1,,,,,,01050000E0080800000100000001020000C002000000F51B04EBA36F4341F7C6E254557C324185EB51B81E348D400000000000000000E90BE6F5A06F43416758EB36597C3241713D0AD7A3318D400000000000000000
192,1007,1,,,,,,01050000E0080800000100000001020000C002000000FCFBF1CE9F6F43418660DE3C557C3241000000000000000000000000000000008389BFC3A26F434145E07679517C3241EE7C3F355E378D40000000000000F87F
193,465,1,,,,,,01050000E0080800000100000001020000C00200000099B7CEA502864341FD8B10B474603241000000000000000000000000000000003CF21D1B06864341CE353BFA7560324100000000000000000000000000000000
194,466,1,,,,,,01050000E0080800000100000001020000C0020000008E3BF48E058643410E79728D7A6032410000000000000000000000000000000082ACCA110286434179355C5C7960324100000000000000000000000000000000
195,459,1,,,,,,01050000E0080800000100000001020000C0020000007D0010F9408543414B5EEFF43960324100000000000000000000000000000000F54CDC5944854341CBB8A2D83B60324100000000000000000000000000000000
196,460,1,,,,,,01050000E0080800000100000001020000C002000000506045DD4385434183B2482B4060324100000000000000000000000000000000D813797C4085434117B03D563E60324100000000000000000000000000000000
197,3306,1,,,,,,01050000E0080800000100000001020000C0020000002D35AEDA7289434193A1190CED613241000000000000000000000000000000002CA22D367689434126509610EB61324100000000000000000000000000000000
198,3307,1,,,,,,01050000E0080800000100000001020000C0020000001E3953AC76894341DA982637EE6132410000000000000000000000000000000049184850738943419A829231F061324100000000000000000000000000000000
199,3287,1,,,,,,01050000E0080800000100000001020000C002000000E407A53613894341D922F7A2A761324100000000000000000000000000000000FADBBBB40F894341D922F7A2A761324100000000000000000000000000000000
200,453,1,,,,,,01050000E0080800000100000001020000C002000000B47E728A91844341B16D8377EA5F32410000000000000000000000000000000023B8BF67948443411674407FEE5F324100000000000000000000000000000000
201,454,1,,,,,,01050000E0080800000100000001020000C002000000EA940D8A9384434195F97F4BF15F324100000000000000000000000000000000828139A49084434121A7D054ED5F324100000000000000000000000000000000
202,1171,1,,,,,,01050000E0080800000100000001020000C0020000000A938F71A98E4341C97FA2A0BE67324154E3A59BC4CE7E40000000000000000005B50BD1AB8E4341DE50991CC467324179E9263108D67E400000000000000000
203,1172,1,,,,,,01050000E0080800000100000001020000C00200000044E0039EAA8E43414543160CC6673241AE47E17A14D47E40000000000000000015966E3CA88E43413EFF5DDBC0673241F2D24D6210CE7E400000000000000000
204,705,1,,,,,,01050000E0080800000100000001020000C002000000F4FFABB558864341322C0EA7DC683241000000000000000000000000000000006BA7B11857864341906C8B6DD668324100000000000000000000000000000000
205,706,1,,,,,,01050000E0080800000100000001020000C0020000007D58A6525A864341C5889716DB68324100000000000000000000000000000000FEE6D7B95886434110FBBCD4D468324100000000000000000000000000000000
206,707,1,,,,,,01050000E0080800000100000001020000C00200000068C6EDC35F864341A7DF0751C868324100000000000000000000000000000000F1944D7760864341B7B86631CF68324100000000000000000000000000000000
207,708,1,,,,,,01050000E0080800000100000001020000C00200000004C5D5C25D864341BA37FA42C968324100000000000000000000000000000000A848B9825E864341B842011BD068324100000000000000000000000000000000
208,656,1,,,,,,01050000E0080800000100000001020000C002000000D143F68E8D724341CF4945EA20833241A4703D0AD78D8D400000000000000000D732C4FB8A724341490DFA141C8332413108AC1C5A8A8D400000000000000000
209,655,1,,,,,,01050000E0080800000100000001020000C0020000008092E57E8C7243413BE85FFD1783324100000000000000000000000000000000B3511E328F724341E526697D1C83324100000000000000000000000000000000
210,302,1,,,,,,01050000E0080800000100000001020000C002000000FAB3A86038454341D3DCB57E313C3241000000000000000000000000000000007B785A9D3B4543413E4DE32B343C324100000000000000000000000000000000
211,303,1,,,,,,01050000E0080800000100000001020000C0020000004B780F753A45434127A69CFE393C324100000000000000000000000000000000C987BC3337454341BE8DB15A373C324100000000000000000000000000000000
212,340,1,,,,,,01050000E0080800000100000001020000C0020000003B90E54C7F5143418F864CB02B403241000000000000000000000000000000001D0F556782514341484AD8072F40324100000000000000000000000000000000
213,341,1,,,,,,01050000E0080800000100000001020000C002000000CD0B72AA81514341F0ED47F031403241000000000000000000000000000000004F23E6847E514341403A4AD02E40324100000000000000000000000000000000
214,753,1,,,,,,01050000E0080800000100000001020000C002000000BF29BEF4635443410F6C40E681373241000000000000000000000000000000009DDB27366754434161CE499C8437324100000000000000000000000000000000
215,754,1,,,,,,01050000E0080800000100000001020000C002000000B63006946654434179F919C4873732410000000000000000000000000000000044AA745563544341AB9B211F8537324100000000000000000000000000000000
216,378,1,,,,,,01050000E0080800000100000001020000C002000000A76AC2802A604341D8A2C39A5E48324114AE47E17A2487400000000000000000D039E2AB2D604341129D5ABE61483241C1CAA145B62387400000000000000000
223,1902,3,,,,,,01050000E0080800000100000001020000C002000000F8A2A94DEA884341676BF5D48580324100000000000000000000000000000000D9FD75BAEA8843418CDE18938480324100000000000000000000000000000000
224,1902,3,,,,,,01050000E0080800000100000001020000C002000000102CEE0BEA88434174A3D37E8580324100000000000000000000000000000000FF659877EA884341B5D4B23A8480324100000000000000000000000000000000
222,1902,3,,,,,,01050000E0080800000100000001020000C002000000D10F4AEFEB884341C22D94E78080324100000000000000000000000000000000C049F45AEC884341966684AC7F80324100000000000000000000000000000000
225,1902,3,,,,,,01050000E0080800000100000001020000C002000000B31C17B2EB884341D06572918080324100000000000000000000000000000000A256C11DEC884341A49E62567F80324100000000000000000000000000000000
217,,1,,,,,,01050000E0080800000100000001020000C0020000009732C61CFC984341A1DFCA23F06D32410000000000000000000000000000000096C8BD57FF9843416C648FEAF26D324100000000000000000000000000000000
221,1,1,,,,,,01050000E0080800000100000001020000C002000000E3D8967E998143410F34BDA1767232410000000000000000000000000000000070D2B1F89B81434166024BB57572324100000000000000000000000000000000
218,17542,1,,,,,,01050000E0080800000100000001020000C002000000E21FC0F70E994341665745CE146E3241000000000000000000000000000000009EF4A8A30B99434194A68DBC166E324100000000000000000000000000000000
219,17543,1,,,,,,01050000E0080800000100000001020000C002000000C7C5D3B2FD9843411A3E710E016E3241000000000000000000000000000000008320D140FA98434193E2EBA3FF6D324100000000000000000000000000000000
220,3336,1,,,,,,01050000E0080800000100000001020000C00200000063D3DBAAFA9843414B2DB858FB6D32410000000000000000000000000000000071F0C418FE984341E7E3FCC1FC6D324100000000000000000000000000000000
226,1764,3,,,,,,01050000E0080800000100000001020000C0020000001093A51A38764341D23EFF183289324100000000000000000000000000000000378590CD38764341EB8DFC792F89324100000000000000000000000000000000
227,1764,3,,,,,,01050000E0080800000100000001020000C0020000005891F04638764341A7CBF53F3289324100000000000000000000000000000000EF7E40F4387643413A3451A12F89324100000000000000000000000000000000
228,15894,3,,,,,,01050000E0080800000100000001020000C002000000DDCBD67D6B5B4341A87DA90A3A43324100000000000000000000000000000000360BDE256C5B4341BDC6528F3843324100000000000000000000000000000000
229,15894,3,,,,,,01050000E0080800000100000001020000C002000000BEA3055C6B5B43419CAB8ACC394332410000000000000000000000000000000017E30C046C5B4341B1F433513843324100000000000000000000000000000000
230,55,1,,,,,,01050000E0080800000100000001020000C00200000031541260687A434138E37734C649324100000000000000000000000000000000A5A206A56A7A434169242D88CB49324100000000000000000000000000000000
231,55,1,,,,,,01050000E0080800000100000001020000C002000000D93B0E316A7A4341DAC7832CC34932410000000000000000000000000000000080E9EA646C7A434186E39CA4C849324100000000000000000000000000000000
